<module>
	<rawname>cxpanel</rawname>
	<name>iSymphonyV3</name>
	<version>4.1.6</version>
	<type>setup</type>
	<category>Admin</category>
	<description>
		This module automatically configures the operator panel to reflect the PBX configuration.
	</description>
	<menuitems>
		<cxpanel>iSymphonyV3</cxpanel>
		<cxpanel_menu category="reports" requires_auth="false" target="_blank" access="all">iSymphonyV3 Panel</cxpanel_menu>
	</menuitems>
	<depends>
		<module>manager</module>
		<version>12.0</version>
	</depends>
	<location>junk</location>
	<md5sum>junk</md5sum>
	<changelog>
		*4.1.6* Fatal error fix in installer
		*4.1.4* Use displayname if exists, else use first,last name
		*4.1.3* Username change support
		*4.1.2* Use branding file
		*4.1.1* Support password reset and email ability through userman
		*3.1.9* Fix userman hook
	</changelog>
	<info>http://www.getisymphony.com</info>
	<publisher>i9 Technologies</publisher>
	<license>GPLv3</license>
	<licenselink>http://www.gnu.org/licenses/gpl-3.0.txt</licenselink>
	<supported>
		<version>12.0</version>
	</supported>
	<hooks>
		<userman namespace="FreePBX\modules" class="Userman">
			<method namespace="FreePBX\Modules" class="Cxpanel" callingMethod="updateUser">usermanUpdateUser</method>
			<method namespace="FreePBX\Modules" class="Cxpanel" callingMethod="sendWelcomeEmail">usermanSendEmail</method>
		</userman>
	</hooks>
	<repo>standard</repo>
</module>
